"method","uri","action","middleware"
"GET|HEAD","/","Closure","web"
"GET|HEAD","admissions","App\Http\Controllers\InpatientController@admissions","web | Illuminate\Auth\Middleware\Authenticate | Illuminate\Auth\Middleware\EnsureEmailIsVerified | Illuminate\Auth\Middleware\Authorize:view-beds | App\Http\Middleware\EnsureRole:nurse,super-admin,hospital-admin"
"POST","admissions","App\Http\Controllers\InpatientController@storeAdmission","web | Illuminate\Auth\Middleware\Authenticate | Illuminate\Auth\Middleware\EnsureEmailIsVerified | Illuminate\Auth\Middleware\Authorize:view-beds | App\Http\Middleware\EnsureRole:nurse,super-admin,hospital-admin"
"GET|HEAD","admissions/create","App\Http\Controllers\InpatientController@createAdmission","web | Illuminate\Auth\Middleware\Authenticate | Illuminate\Auth\Middleware\EnsureEmailIsVerified | Illuminate\Auth\Middleware\Authorize:view-beds | App\Http\Middleware\EnsureRole:nurse,super-admin,hospital-admin"
"GET|HEAD","admissions/{admission}","App\Http\Controllers\InpatientController@showAdmission","web | Illuminate\Auth\Middleware\Authenticate | Illuminate\Auth\Middleware\EnsureEmailIsVerified | Illuminate\Auth\Middleware\Authorize:view-beds | App\Http\Middleware\EnsureRole:nurse,super-admin,hospital-admin"
"POST","admissions/{admission}/admit","App\Http\Controllers\InpatientController@admit","web | Illuminate\Auth\Middleware\Authenticate | Illuminate\Auth\Middleware\EnsureEmailIsVerified | Illuminate\Auth\Middleware\Authorize:manage-beds | App\Http\Middleware\EnsureRole:nurse,super-admin,hospital-admin"
"POST","admissions/{admission}/approve","App\Http\Controllers\InpatientController@approveAdmission","web | Illuminate\Auth\Middleware\Authenticate | Illuminate\Auth\Middleware\EnsureEmailIsVerified | Illuminate\Auth\Middleware\Authorize:manage-beds | App\Http\Middleware\EnsureRole:nurse,super-admin,hospital-admin"
"POST","admissions/{admission}/discharge","App\Http\Controllers\InpatientController@discharge","web | Illuminate\Auth\Middleware\Authenticate | Illuminate\Auth\Middleware\EnsureEmailIsVerified | Illuminate\Auth\Middleware\Authorize:manage-beds | App\Http\Middleware\EnsureRole:nurse,super-admin,hospital-admin"
"POST","admissions/{admission}/reserve","App\Http\Controllers\InpatientController@reserveBed","web | Illuminate\Auth\Middleware\Authenticate | Illuminate\Auth\Middleware\EnsureEmailIsVerified | Illuminate\Auth\Middleware\Authorize:manage-beds | App\Http\Middleware\EnsureRole:nurse,super-admin,hospital-admin"
"POST","admissions/{admission}/transfer","App\Http\Controllers\InpatientController@transfer","web | Illuminate\Auth\Middleware\Authenticate | Illuminate\Auth\Middleware\EnsureEmailIsVerified | Illuminate\Auth\Middleware\Authorize:manage-beds | App\Http\Middleware\EnsureRole:nurse,super-admin,hospital-admin"
"GET|HEAD","api/v1/address-data/philippines","Closure","api"
"GET|HEAD","api/v1/admissions","App\Http\Controllers\Api\V1\AdmissionApiController@index","api | Illuminate\Auth\Middleware\Authenticate:sanctum | Illuminate\Routing\Middleware\ThrottleRequests:120,1 | Illuminate\Routing\Middleware\ThrottleRequests:60,1 | Illuminate\Auth\Middleware\Authorize:view-admissions"
"POST","api/v1/admissions","App\Http\Controllers\Api\V1\AdmissionApiController@store","api | Illuminate\Auth\Middleware\Authenticate:sanctum | Illuminate\Routing\Middleware\ThrottleRequests:120,1 | Illuminate\Routing\Middleware\ThrottleRequests:30,1 | Illuminate\Auth\Middleware\Authorize:manage-admissions"
"GET|HEAD","api/v1/admissions/{id}","App\Http\Controllers\Api\V1\AdmissionApiController@show","api | Illuminate\Auth\Middleware\Authenticate:sanctum | Illuminate\Routing\Middleware\ThrottleRequests:120,1 | Illuminate\Routing\Middleware\ThrottleRequests:60,1 | Illuminate\Auth\Middleware\Authorize:view-admissions"
"POST","api/v1/admissions/{id}/discharge","App\Http\Controllers\Api\V1\DischargeApiController@store","api | Illuminate\Auth\Middleware\Authenticate:sanctum | Illuminate\Routing\Middleware\ThrottleRequests:120,1 | Illuminate\Routing\Middleware\ThrottleRequests:30,1 | Illuminate\Auth\Middleware\Authorize:manage-admissions"
"POST","api/v1/admissions/{id}/transfer","App\Http\Controllers\Api\V1\TransferApiController@store","api | Illuminate\Auth\Middleware\Authenticate:sanctum | Illuminate\Routing\Middleware\ThrottleRequests:120,1 | Illuminate\Routing\Middleware\ThrottleRequests:30,1 | Illuminate\Auth\Middleware\Authorize:manage-admissions"
"GET|HEAD","api/v1/appointments","App\Http\Controllers\Api\V1\AppointmentApiController@index","api | Illuminate\Auth\Middleware\Authenticate:sanctum | Illuminate\Routing\Middleware\ThrottleRequests:120,1 | Illuminate\Routing\Middleware\ThrottleRequests:60,1 | Illuminate\Auth\Middleware\Authorize:view-appointments"
"POST","api/v1/appointments","App\Http\Controllers\Api\V1\AppointmentApiController@store","api | Illuminate\Auth\Middleware\Authenticate:sanctum | Illuminate\Routing\Middleware\ThrottleRequests:120,1 | Illuminate\Routing\Middleware\ThrottleRequests:30,1 | Illuminate\Auth\Middleware\Authorize:create-appointments"
"GET|HEAD","api/v1/appointments/{id}","App\Http\Controllers\Api\V1\AppointmentApiController@show","api | Illuminate\Auth\Middleware\Authenticate:sanctum | Illuminate\Routing\Middleware\ThrottleRequests:120,1 | Illuminate\Routing\Middleware\ThrottleRequests:60,1 | Illuminate\Auth\Middleware\Authorize:view-appointments"
"PATCH","api/v1/appointments/{id}","App\Http\Controllers\Api\V1\AppointmentApiController@update","api | Illuminate\Auth\Middleware\Authenticate:sanctum | Illuminate\Routing\Middleware\ThrottleRequests:120,1 | Illuminate\Routing\Middleware\ThrottleRequests:30,1 | Illuminate\Auth\Middleware\Authorize:update-appointments"
"DELETE","api/v1/appointments/{id}","App\Http\Controllers\Api\V1\AppointmentApiController@destroy","api | Illuminate\Auth\Middleware\Authenticate:sanctum | Illuminate\Routing\Middleware\ThrottleRequests:120,1 | Illuminate\Routing\Middleware\ThrottleRequests:30,1 | Illuminate\Auth\Middleware\Authorize:cancel-appointments"
"POST","api/v1/appointments/{id}/cancel","App\Http\Controllers\Api\V1\AppointmentApiController@cancel","api | Illuminate\Auth\Middleware\Authenticate:sanctum | Illuminate\Routing\Middleware\ThrottleRequests:120,1 | Illuminate\Routing\Middleware\ThrottleRequests:30,1 | Illuminate\Auth\Middleware\Authorize:cancel-appointments"
"POST","api/v1/appointments/{id}/check-in","App\Http\Controllers\Api\V1\AppointmentApiController@checkIn","api | Illuminate\Auth\Middleware\Authenticate:sanctum | Illuminate\Routing\Middleware\ThrottleRequests:120,1 | Illuminate\Routing\Middleware\ThrottleRequests:30,1 | Illuminate\Auth\Middleware\Authorize:cancel-appointments"
"POST","api/v1/appointments/{id}/no-show","App\Http\Controllers\Api\V1\AppointmentApiController@markNoShow","api | Illuminate\Auth\Middleware\Authenticate:sanctum | Illuminate\Routing\Middleware\ThrottleRequests:120,1 | Illuminate\Routing\Middleware\ThrottleRequests:30,1 | Illuminate\Auth\Middleware\Authorize:cancel-appointments"
"POST","api/v1/appointments/{id}/reschedule","App\Http\Controllers\Api\V1\AppointmentApiController@reschedule","api | Illuminate\Auth\Middleware\Authenticate:sanctum | Illuminate\Routing\Middleware\ThrottleRequests:120,1 | Illuminate\Routing\Middleware\ThrottleRequests:30,1 | Illuminate\Auth\Middleware\Authorize:cancel-appointments"
"POST","api/v1/auth/login","App\Http\Controllers\Api\V1\ApiAuthController@login","api | Illuminate\Routing\Middleware\ThrottleRequests:10,1"
"POST","api/v1/auth/logout","App\Http\Controllers\Api\V1\ApiAuthController@logout","api | Illuminate\Auth\Middleware\Authenticate:sanctum | Illuminate\Routing\Middleware\ThrottleRequests:120,1"
"GET|HEAD","api/v1/auth/me","App\Http\Controllers\Api\V1\ApiAuthController@me","api | Illuminate\Auth\Middleware\Authenticate:sanctum | Illuminate\Routing\Middleware\ThrottleRequests:120,1"
"GET|HEAD","api/v1/beds","App\Http\Controllers\Api\V1\BedApiController@index","api | Illuminate\Auth\Middleware\Authenticate:sanctum | Illuminate\Routing\Middleware\ThrottleRequests:120,1 | Illuminate\Routing\Middleware\ThrottleRequests:60,1 | Illuminate\Auth\Middleware\Authorize:view-beds"
"GET|HEAD","api/v1/beds/available","App\Http\Controllers\Api\V1\BedApiController@available","api | Illuminate\Auth\Middleware\Authenticate:sanctum | Illuminate\Routing\Middleware\ThrottleRequests:120,1 | Illuminate\Routing\Middleware\ThrottleRequests:60,1 | Illuminate\Auth\Middleware\Authorize:view-beds"
"GET|HEAD","api/v1/beds/{id}","App\Http\Controllers\Api\V1\BedApiController@show","api | Illuminate\Auth\Middleware\Authenticate:sanctum | Illuminate\Routing\Middleware\ThrottleRequests:120,1 | Illuminate\Routing\Middleware\ThrottleRequests:60,1 | Illuminate\Auth\Middleware\Authorize:view-beds"
"POST","api/v1/beds/{id}/assign","App\Http\Controllers\Api\V1\BedApiController@assign","api | Illuminate\Auth\Middleware\Authenticate:sanctum | Illuminate\Routing\Middleware\ThrottleRequests:120,1 | Illuminate\Routing\Middleware\ThrottleRequests:30,1 | Illuminate\Auth\Middleware\Authorize:manage-beds"
"POST","api/v1/beds/{id}/release","App\Http\Controllers\Api\V1\BedApiController@release","api | Illuminate\Auth\Middleware\Authenticate:sanctum | Illuminate\Routing\Middleware\ThrottleRequests:120,1 | Illuminate\Routing\Middleware\ThrottleRequests:30,1 | Illuminate\Auth\Middleware\Authorize:manage-beds"
"POST","api/v1/beds/{id}/reserve","App\Http\Controllers\Api\V1\BedApiController@reserve","api | Illuminate\Auth\Middleware\Authenticate:sanctum | Illuminate\Routing\Middleware\ThrottleRequests:120,1 | Illuminate\Routing\Middleware\ThrottleRequests:30,1 | Illuminate\Auth\Middleware\Authorize:manage-beds"
"GET|HEAD","api/v1/dashboard","Closure","api | Illuminate\Auth\Middleware\Authenticate:sanctum"
"GET|HEAD","api/v1/departments","App\Http\Controllers\Api\V1\DepartmentApiController@index","api | Illuminate\Auth\Middleware\Authenticate:sanctum | Illuminate\Routing\Middleware\ThrottleRequests:120,1 | Illuminate\Auth\Middleware\Authorize:view-appointments"
"GET|HEAD","api/v1/departments/{id}","App\Http\Controllers\Api\V1\DepartmentApiController@show","api | Illuminate\Auth\Middleware\Authenticate:sanctum | Illuminate\Routing\Middleware\ThrottleRequests:120,1 | Illuminate\Auth\Middleware\Authorize:view-appointments"
"GET|HEAD","api/v1/emergency/queue","App\Http\Controllers\Api\V1\EmergencyApiController@queue","api | Illuminate\Auth\Middleware\Authenticate:sanctum | Illuminate\Routing\Middleware\ThrottleRequests:120,1 | Illuminate\Routing\Middleware\ThrottleRequests:60,1 | Illuminate\Auth\Middleware\Authorize:view-er"
"POST","api/v1/emergency/visits","App\Http\Controllers\Api\V1\EmergencyApiController@storeVisit","api | Illuminate\Auth\Middleware\Authenticate:sanctum | Illuminate\Routing\Middleware\ThrottleRequests:120,1 | Illuminate\Routing\Middleware\ThrottleRequests:30,1 | Illuminate\Auth\Middleware\Authorize:create-er-visits"
"GET|HEAD","api/v1/emergency/visits/{id}","App\Http\Controllers\Api\V1\EmergencyApiController@showVisit","api | Illuminate\Auth\Middleware\Authenticate:sanctum | Illuminate\Routing\Middleware\ThrottleRequests:120,1 | Illuminate\Routing\Middleware\ThrottleRequests:60,1 | Illuminate\Auth\Middleware\Authorize:view-er"
"POST","api/v1/emergency/{id}/triage","App\Http\Controllers\Api\V1\TriageApiController@store","api | Illuminate\Auth\Middleware\Authenticate:sanctum | Illuminate\Routing\Middleware\ThrottleRequests:120,1 | Illuminate\Routing\Middleware\ThrottleRequests:30,1 | Illuminate\Auth\Middleware\Authorize:triage-patients"
"GET|HEAD","api/v1/encounters","App\Http\Controllers\Api\V1\EncounterApiController@index","api | Illuminate\Auth\Middleware\Authenticate:sanctum | Illuminate\Routing\Middleware\ThrottleRequests:120,1 | Illuminate\Routing\Middleware\ThrottleRequests:60,1 | Illuminate\Auth\Middleware\Authorize:view-encounters"
"POST","api/v1/encounters","App\Http\Controllers\Api\V1\EncounterApiController@store","api | Illuminate\Auth\Middleware\Authenticate:sanctum | Illuminate\Routing\Middleware\ThrottleRequests:120,1 | Illuminate\Routing\Middleware\ThrottleRequests:30,1 | Illuminate\Auth\Middleware\Authorize:create-encounters"
"GET|HEAD","api/v1/encounters/{encounterId}/notes","App\Http\Controllers\Api\V1\EncounterNoteApiController@index","api | Illuminate\Auth\Middleware\Authenticate:sanctum | Illuminate\Routing\Middleware\ThrottleRequests:120,1 | Illuminate\Auth\Middleware\Authorize:view-encounters"
"POST","api/v1/encounters/{encounterId}/notes","App\Http\Controllers\Api\V1\EncounterNoteApiController@store","api | Illuminate\Auth\Middleware\Authenticate:sanctum | Illuminate\Routing\Middleware\ThrottleRequests:120,1 | Illuminate\Auth\Middleware\Authorize:create-encounters"
"GET|HEAD","api/v1/encounters/{id}","App\Http\Controllers\Api\V1\EncounterApiController@show","api | Illuminate\Auth\Middleware\Authenticate:sanctum | Illuminate\Routing\Middleware\ThrottleRequests:120,1 | Illuminate\Routing\Middleware\ThrottleRequests:60,1 | Illuminate\Auth\Middleware\Authorize:view-encounters"
"GET|HEAD","api/v1/notifications","App\Http\Controllers\Api\V1\NotificationApiController@index","api | Illuminate\Auth\Middleware\Authenticate:sanctum | Illuminate\Routing\Middleware\ThrottleRequests:120,1 | Illuminate\Routing\Middleware\ThrottleRequests:60,1"
"POST","api/v1/notifications/{id}/read","App\Http\Controllers\Api\V1\NotificationApiController@markRead","api | Illuminate\Auth\Middleware\Authenticate:sanctum | Illuminate\Routing\Middleware\ThrottleRequests:120,1 | Illuminate\Routing\Middleware\ThrottleRequests:60,1"
"GET|HEAD","api/v1/patients","App\Http\Controllers\Api\V1\PatientApiController@index","api | Illuminate\Auth\Middleware\Authenticate:sanctum | Illuminate\Routing\Middleware\ThrottleRequests:120,1 | Illuminate\Routing\Middleware\ThrottleRequests:60,1 | Illuminate\Auth\Middleware\Authorize:view-patients"
"POST","api/v1/patients","App\Http\Controllers\Api\V1\PatientApiController@store","api | Illuminate\Auth\Middleware\Authenticate:sanctum | Illuminate\Routing\Middleware\ThrottleRequests:120,1 | Illuminate\Routing\Middleware\ThrottleRequests:30,1 | Illuminate\Auth\Middleware\Authorize:create-patients"
"GET|HEAD","api/v1/patients/search/{term}","App\Http\Controllers\Api\V1\PatientApiController@search","api | Illuminate\Auth\Middleware\Authenticate:sanctum | Illuminate\Routing\Middleware\ThrottleRequests:120,1 | Illuminate\Routing\Middleware\ThrottleRequests:60,1 | Illuminate\Auth\Middleware\Authorize:view-patients"
"GET|HEAD","api/v1/patients/{id}","App\Http\Controllers\Api\V1\PatientApiController@show","api | Illuminate\Auth\Middleware\Authenticate:sanctum | Illuminate\Routing\Middleware\ThrottleRequests:120,1 | Illuminate\Routing\Middleware\ThrottleRequests:60,1 | Illuminate\Auth\Middleware\Authorize:view-patients"
"PUT","api/v1/patients/{id}","App\Http\Controllers\Api\V1\PatientApiController@update","api | Illuminate\Auth\Middleware\Authenticate:sanctum | Illuminate\Routing\Middleware\ThrottleRequests:120,1 | Illuminate\Routing\Middleware\ThrottleRequests:30,1 | Illuminate\Auth\Middleware\Authorize:update-patients"
"PATCH","api/v1/patients/{id}","App\Http\Controllers\Api\V1\PatientApiController@update","api | Illuminate\Auth\Middleware\Authenticate:sanctum | Illuminate\Routing\Middleware\ThrottleRequests:120,1 | Illuminate\Routing\Middleware\ThrottleRequests:30,1 | Illuminate\Auth\Middleware\Authorize:update-patients"
"DELETE","api/v1/patients/{id}","App\Http\Controllers\Api\V1\PatientApiController@destroy","api | Illuminate\Auth\Middleware\Authenticate:sanctum | Illuminate\Routing\Middleware\ThrottleRequests:120,1 | Illuminate\Routing\Middleware\ThrottleRequests:10,1 | Illuminate\Auth\Middleware\Authorize:delete-patients"
"GET|HEAD","api/v1/patients/{patientId}/clinical-documents","App\Http\Controllers\Api\V1\ClinicalDocumentApiController@index","api | Illuminate\Auth\Middleware\Authenticate:sanctum | Illuminate\Routing\Middleware\ThrottleRequests:120,1 | Illuminate\Auth\Middleware\Authorize:view-patients"
"POST","api/v1/patients/{patientId}/clinical-documents","App\Http\Controllers\Api\V1\ClinicalDocumentApiController@store","api | Illuminate\Auth\Middleware\Authenticate:sanctum | Illuminate\Routing\Middleware\ThrottleRequests:120,1 | Illuminate\Auth\Middleware\Authorize:create-patients"
"GET|HEAD","api/v1/patients/{patientId}/clinical-documents/{id}","App\Http\Controllers\Api\V1\ClinicalDocumentApiController@show","api | Illuminate\Auth\Middleware\Authenticate:sanctum | Illuminate\Routing\Middleware\ThrottleRequests:120,1 | Illuminate\Auth\Middleware\Authorize:view-patients"
"GET|HEAD","api/v1/provider-schedules","App\Http\Controllers\Api\V1\ProviderScheduleApiController@index","api | Illuminate\Auth\Middleware\Authenticate:sanctum | Illuminate\Routing\Middleware\ThrottleRequests:120,1 | Illuminate\Auth\Middleware\Authorize:view-appointments"
"POST","api/v1/provider-schedules","App\Http\Controllers\Api\V1\ProviderScheduleApiController@store","api | Illuminate\Auth\Middleware\Authenticate:sanctum | Illuminate\Routing\Middleware\ThrottleRequests:120,1 | Illuminate\Auth\Middleware\Authorize:create-appointments"
"GET|HEAD","api/v1/provider-schedules/{id}","App\Http\Controllers\Api\V1\ProviderScheduleApiController@show","api | Illuminate\Auth\Middleware\Authenticate:sanctum | Illuminate\Routing\Middleware\ThrottleRequests:120,1 | Illuminate\Auth\Middleware\Authorize:view-appointments"
"PATCH","api/v1/provider-schedules/{id}","App\Http\Controllers\Api\V1\ProviderScheduleApiController@update","api | Illuminate\Auth\Middleware\Authenticate:sanctum | Illuminate\Routing\Middleware\ThrottleRequests:120,1 | Illuminate\Auth\Middleware\Authorize:update-appointments"
"DELETE","api/v1/provider-schedules/{id}","App\Http\Controllers\Api\V1\ProviderScheduleApiController@destroy","api | Illuminate\Auth\Middleware\Authenticate:sanctum | Illuminate\Routing\Middleware\ThrottleRequests:120,1 | Illuminate\Auth\Middleware\Authorize:delete-appointments"
"POST","api/v1/provider-schedules/{id}/generate-slots","App\Http\Controllers\Api\V1\ProviderScheduleApiController@generateSlots","api | Illuminate\Auth\Middleware\Authenticate:sanctum | Illuminate\Routing\Middleware\ThrottleRequests:120,1 | Illuminate\Auth\Middleware\Authorize:update-appointments"
"GET|HEAD","api/v1/providers","App\Http\Controllers\Api\V1\ProviderApiController@index","api | Illuminate\Auth\Middleware\Authenticate:sanctum | Illuminate\Routing\Middleware\ThrottleRequests:120,1 | Illuminate\Auth\Middleware\Authorize:view-appointments"
"GET|HEAD","api/v1/providers/{id}","App\Http\Controllers\Api\V1\ProviderApiController@show","api | Illuminate\Auth\Middleware\Authenticate:sanctum | Illuminate\Routing\Middleware\ThrottleRequests:120,1 | Illuminate\Auth\Middleware\Authorize:view-appointments"
"GET|HEAD","api/v1/rooms","App\Http\Controllers\Api\V1\RoomApiController@index","api | Illuminate\Auth\Middleware\Authenticate:sanctum | Illuminate\Routing\Middleware\ThrottleRequests:120,1 | Illuminate\Routing\Middleware\ThrottleRequests:60,1 | Illuminate\Auth\Middleware\Authorize:view-beds"
"GET|HEAD","api/v1/schedules","App\Http\Controllers\Api\V1\ScheduleApiController@index","api | Illuminate\Auth\Middleware\Authenticate:sanctum | Illuminate\Routing\Middleware\ThrottleRequests:120,1 | Illuminate\Auth\Middleware\Authorize:view-appointments"
"GET|HEAD","api/v1/schedules/{providerId}/slots","App\Http\Controllers\Api\V1\ScheduleApiController@slots","api | Illuminate\Auth\Middleware\Authenticate:sanctum | Illuminate\Routing\Middleware\ThrottleRequests:120,1 | Illuminate\Auth\Middleware\Authorize:view-appointments"
"GET|HEAD","api/v1/telehealth","App\Http\Controllers\Api\V1\TelehealthApiController@index","api | Illuminate\Auth\Middleware\Authenticate:sanctum | Illuminate\Routing\Middleware\ThrottleRequests:120,1 | Illuminate\Routing\Middleware\ThrottleRequests:60,1 | Illuminate\Auth\Middleware\Authorize:view-telehealth"
"POST","api/v1/telehealth","App\Http\Controllers\Api\V1\TelehealthApiController@store","api | Illuminate\Auth\Middleware\Authenticate:sanctum | Illuminate\Routing\Middleware\ThrottleRequests:120,1 | Illuminate\Routing\Middleware\ThrottleRequests:30,1 | Illuminate\Auth\Middleware\Authorize:start-telehealth"
"GET|HEAD","api/v1/telehealth/{id}","App\Http\Controllers\Api\V1\TelehealthApiController@show","api | Illuminate\Auth\Middleware\Authenticate:sanctum | Illuminate\Routing\Middleware\ThrottleRequests:120,1 | Illuminate\Routing\Middleware\ThrottleRequests:60,1 | Illuminate\Auth\Middleware\Authorize:view-telehealth"
"POST","api/v1/telehealth/{id}/cancel","App\Http\Controllers\Api\V1\TelehealthApiController@cancel","api | Illuminate\Auth\Middleware\Authenticate:sanctum | Illuminate\Routing\Middleware\ThrottleRequests:120,1 | Illuminate\Routing\Middleware\ThrottleRequests:30,1 | Illuminate\Auth\Middleware\Authorize:start-telehealth"
"POST","api/v1/telehealth/{id}/closeout","App\Http\Controllers\Api\V1\TelehealthApiController@closeout","api | Illuminate\Auth\Middleware\Authenticate:sanctum | Illuminate\Routing\Middleware\ThrottleRequests:120,1 | Illuminate\Routing\Middleware\ThrottleRequests:30,1 | Illuminate\Auth\Middleware\Authorize:start-telehealth"
"POST","api/v1/telehealth/{id}/end","App\Http\Controllers\Api\V1\TelehealthApiController@end","api | Illuminate\Auth\Middleware\Authenticate:sanctum | Illuminate\Routing\Middleware\ThrottleRequests:120,1 | Illuminate\Routing\Middleware\ThrottleRequests:30,1 | Illuminate\Auth\Middleware\Authorize:start-telehealth"
"GET|HEAD","api/v1/telehealth/{id}/participants","App\Http\Controllers\Api\V1\TelehealthParticipantApiController@index","api | Illuminate\Auth\Middleware\Authenticate:sanctum | Illuminate\Routing\Middleware\ThrottleRequests:120,1 | Illuminate\Routing\Middleware\ThrottleRequests:60,1 | Illuminate\Auth\Middleware\Authorize:view-telehealth"
"POST","api/v1/telehealth/{id}/participants","App\Http\Controllers\Api\V1\TelehealthParticipantApiController@store","api | Illuminate\Auth\Middleware\Authenticate:sanctum | Illuminate\Routing\Middleware\ThrottleRequests:120,1 | Illuminate\Routing\Middleware\ThrottleRequests:30,1 | Illuminate\Auth\Middleware\Authorize:join-telehealth"
"POST","api/v1/telehealth/{id}/prescription","App\Http\Controllers\Api\V1\TelehealthApiController@prescription","api | Illuminate\Auth\Middleware\Authenticate:sanctum | Illuminate\Routing\Middleware\ThrottleRequests:120,1 | Illuminate\Routing\Middleware\ThrottleRequests:30,1 | Illuminate\Auth\Middleware\Authorize:start-telehealth"
"POST","api/v1/telehealth/{id}/reminder","App\Http\Controllers\Api\V1\TelehealthApiController@reminder","api | Illuminate\Auth\Middleware\Authenticate:sanctum | Illuminate\Routing\Middleware\ThrottleRequests:120,1 | Illuminate\Routing\Middleware\ThrottleRequests:30,1 | Illuminate\Auth\Middleware\Authorize:start-telehealth"
"POST","api/v1/telehealth/{id}/start","App\Http\Controllers\Api\V1\TelehealthApiController@start","api | Illuminate\Auth\Middleware\Authenticate:sanctum | Illuminate\Routing\Middleware\ThrottleRequests:120,1 | Illuminate\Routing\Middleware\ThrottleRequests:30,1 | Illuminate\Auth\Middleware\Authorize:start-telehealth"
"POST","api/v1/triage/score","App\Http\Controllers\Api\V1\TriageApiController@score","api | Illuminate\Auth\Middleware\Authenticate:sanctum | Illuminate\Routing\Middleware\ThrottleRequests:120,1 | Illuminate\Routing\Middleware\ThrottleRequests:30,1 | Illuminate\Auth\Middleware\Authorize:triage-patients"
"GET|HEAD","api/v1/waitlists","App\Http\Controllers\Api\V1\WaitlistApiController@index","api | Illuminate\Auth\Middleware\Authenticate:sanctum | Illuminate\Routing\Middleware\ThrottleRequests:120,1 | Illuminate\Auth\Middleware\Authorize:view-appointments"
"POST","api/v1/waitlists","App\Http\Controllers\Api\V1\WaitlistApiController@store","api | Illuminate\Auth\Middleware\Authenticate:sanctum | Illuminate\Routing\Middleware\ThrottleRequests:120,1 | Illuminate\Auth\Middleware\Authorize:create-appointments"
"PATCH","api/v1/waitlists/{id}","App\Http\Controllers\Api\V1\WaitlistApiController@update","api | Illuminate\Auth\Middleware\Authenticate:sanctum | Illuminate\Routing\Middleware\ThrottleRequests:120,1 | Illuminate\Auth\Middleware\Authorize:update-appointments"
"GET|HEAD","api/v1/wards","App\Http\Controllers\Api\V1\WardApiController@index","api | Illuminate\Auth\Middleware\Authenticate:sanctum | Illuminate\Routing\Middleware\ThrottleRequests:120,1 | Illuminate\Routing\Middleware\ThrottleRequests:60,1 | Illuminate\Auth\Middleware\Authorize:view-beds"
"GET|HEAD","appointments","App\Http\Controllers\AppointmentController@index","web | Illuminate\Auth\Middleware\Authenticate | Illuminate\Auth\Middleware\EnsureEmailIsVerified | Illuminate\Auth\Middleware\Authorize:view-appointments"
"POST","appointments","App\Http\Controllers\AppointmentController@store","web | Illuminate\Auth\Middleware\Authenticate | Illuminate\Auth\Middleware\EnsureEmailIsVerified | Illuminate\Auth\Middleware\Authorize:view-appointments"
"GET|HEAD","appointments/create","App\Http\Controllers\AppointmentController@create","web | Illuminate\Auth\Middleware\Authenticate | Illuminate\Auth\Middleware\EnsureEmailIsVerified | Illuminate\Auth\Middleware\Authorize:view-appointments"
"GET|HEAD","appointments/slots/json","App\Http\Controllers\AppointmentController@slots","web | Illuminate\Auth\Middleware\Authenticate | Illuminate\Auth\Middleware\EnsureEmailIsVerified | Illuminate\Auth\Middleware\Authorize:view-appointments"
"GET|HEAD","appointments/{appointment}","App\Http\Controllers\AppointmentController@show","web | Illuminate\Auth\Middleware\Authenticate | Illuminate\Auth\Middleware\EnsureEmailIsVerified | Illuminate\Auth\Middleware\Authorize:view-appointments"
"POST","appointments/{appointment}/cancel","App\Http\Controllers\AppointmentController@cancel","web | Illuminate\Auth\Middleware\Authenticate | Illuminate\Auth\Middleware\EnsureEmailIsVerified | Illuminate\Auth\Middleware\Authorize:cancel-appointments"
"POST","appointments/{appointment}/check-in","App\Http\Controllers\AppointmentController@checkIn","web | Illuminate\Auth\Middleware\Authenticate | Illuminate\Auth\Middleware\EnsureEmailIsVerified | Illuminate\Auth\Middleware\Authorize:create-appointments"
"POST","appointments/{appointment}/no-show","App\Http\Controllers\AppointmentController@markNoShow","web | Illuminate\Auth\Middleware\Authenticate | Illuminate\Auth\Middleware\EnsureEmailIsVerified | Illuminate\Auth\Middleware\Authorize:cancel-appointments"
"POST","appointments/{appointment}/reschedule","App\Http\Controllers\AppointmentController@reschedule","web | Illuminate\Auth\Middleware\Authenticate | Illuminate\Auth\Middleware\EnsureEmailIsVerified | Illuminate\Auth\Middleware\Authorize:cancel-appointments"
"GET|HEAD","audit-logs","App\Http\Controllers\AuditLogController@index","web | Illuminate\Auth\Middleware\Authenticate | Illuminate\Auth\Middleware\EnsureEmailIsVerified | Illuminate\Auth\Middleware\Authorize:view-audit-logs"
"GET|HEAD","beds","App\Http\Controllers\InpatientController@wards","web | Illuminate\Auth\Middleware\Authenticate | Illuminate\Auth\Middleware\EnsureEmailIsVerified | Illuminate\Auth\Middleware\Authorize:view-beds | App\Http\Middleware\EnsureRole:nurse,super-admin,hospital-admin"
"POST","beds/{bed}/status","App\Http\Controllers\InpatientController@setBedStatus","web | Illuminate\Auth\Middleware\Authenticate | Illuminate\Auth\Middleware\EnsureEmailIsVerified | Illuminate\Auth\Middleware\Authorize:manage-beds | App\Http\Middleware\EnsureRole:nurse,super-admin,hospital-admin"
"GET|HEAD","confirm-password","App\Http\Controllers\Auth\ConfirmablePasswordController@show","web | Illuminate\Auth\Middleware\Authenticate"
"POST","confirm-password","App\Http\Controllers\Auth\ConfirmablePasswordController@store","web | Illuminate\Auth\Middleware\Authenticate"
"GET|HEAD","dashboard","App\Http\Controllers\DashboardController","web | Illuminate\Auth\Middleware\Authenticate | Illuminate\Auth\Middleware\EnsureEmailIsVerified"
"GET|HEAD","doctors/queue","App\Http\Controllers\DoctorQueueController@index","web | Illuminate\Auth\Middleware\Authenticate | Illuminate\Auth\Middleware\EnsureEmailIsVerified | Illuminate\Auth\Middleware\Authorize:view-encounters | App\Http\Middleware\EnsureRole:doctor,super-admin,hospital-admin"
"GET|HEAD","doctors/queue/{triageAssessment}","App\Http\Controllers\DoctorQueueController@show","web | Illuminate\Auth\Middleware\Authenticate | Illuminate\Auth\Middleware\EnsureEmailIsVerified | Illuminate\Auth\Middleware\Authorize:view-encounters | App\Http\Middleware\EnsureRole:doctor,super-admin,hospital-admin"
"POST","doctors/queue/{triageAssessment}/status","App\Http\Controllers\DoctorQueueController@updateStatus","web | Illuminate\Auth\Middleware\Authenticate | Illuminate\Auth\Middleware\EnsureEmailIsVerified | Illuminate\Auth\Middleware\Authorize:view-encounters | App\Http\Middleware\EnsureRole:doctor,super-admin,hospital-admin"
"POST","email/verification-notification","App\Http\Controllers\Auth\EmailVerificationNotificationController@store","web | Illuminate\Auth\Middleware\Authenticate | Illuminate\Routing\Middleware\ThrottleRequests:6,1"
"GET|HEAD","emergency","App\Http\Controllers\EmergencyController@index","web | Illuminate\Auth\Middleware\Authenticate | Illuminate\Auth\Middleware\EnsureEmailIsVerified | Illuminate\Auth\Middleware\Authorize:view-er"
"POST","emergency","App\Http\Controllers\EmergencyController@store","web | Illuminate\Auth\Middleware\Authenticate | Illuminate\Auth\Middleware\EnsureEmailIsVerified | Illuminate\Auth\Middleware\Authorize:view-er"
"GET|HEAD","emergency/create","App\Http\Controllers\EmergencyController@create","web | Illuminate\Auth\Middleware\Authenticate | Illuminate\Auth\Middleware\EnsureEmailIsVerified | Illuminate\Auth\Middleware\Authorize:view-er"
"POST","emergency/queue/{queue}/status","App\Http\Controllers\EmergencyController@queueStatus","web | Illuminate\Auth\Middleware\Authenticate | Illuminate\Auth\Middleware\EnsureEmailIsVerified | Illuminate\Auth\Middleware\Authorize:view-er"
"GET|HEAD","emergency/{visit}","App\Http\Controllers\EmergencyController@show","web | Illuminate\Auth\Middleware\Authenticate | Illuminate\Auth\Middleware\EnsureEmailIsVerified | Illuminate\Auth\Middleware\Authorize:view-er"
"POST","emergency/{visit}/triage","App\Http\Controllers\EmergencyController@triage","web | Illuminate\Auth\Middleware\Authenticate | Illuminate\Auth\Middleware\EnsureEmailIsVerified | Illuminate\Auth\Middleware\Authorize:view-er"
"GET|HEAD","encounters","App\Http\Controllers\EncounterController@index","web | Illuminate\Auth\Middleware\Authenticate | Illuminate\Auth\Middleware\EnsureEmailIsVerified | Illuminate\Auth\Middleware\Authorize:view-encounters"
"POST","encounters","App\Http\Controllers\EncounterController@store","web | Illuminate\Auth\Middleware\Authenticate | Illuminate\Auth\Middleware\EnsureEmailIsVerified | Illuminate\Auth\Middleware\Authorize:view-encounters"
"GET|HEAD","encounters/create","App\Http\Controllers\EncounterController@create","web | Illuminate\Auth\Middleware\Authenticate | Illuminate\Auth\Middleware\EnsureEmailIsVerified | Illuminate\Auth\Middleware\Authorize:view-encounters"
"GET|HEAD","encounters/{encounter}","App\Http\Controllers\EncounterController@show","web | Illuminate\Auth\Middleware\Authenticate | Illuminate\Auth\Middleware\EnsureEmailIsVerified | Illuminate\Auth\Middleware\Authorize:view-encounters"
"POST","encounters/{encounter}/complete","App\Http\Controllers\EncounterController@complete","web | Illuminate\Auth\Middleware\Authenticate | Illuminate\Auth\Middleware\EnsureEmailIsVerified | Illuminate\Auth\Middleware\Authorize:view-encounters"
"GET|HEAD","forgot-password","App\Http\Controllers\Auth\PasswordResetLinkController@create","web | Illuminate\Auth\Middleware\RedirectIfAuthenticated"
"POST","forgot-password","App\Http\Controllers\Auth\PasswordResetLinkController@store","web | Illuminate\Auth\Middleware\RedirectIfAuthenticated"
"GET|HEAD","inpatient","App\Http\Controllers\InpatientController@wards","web | Illuminate\Auth\Middleware\Authenticate | Illuminate\Auth\Middleware\EnsureEmailIsVerified | Illuminate\Auth\Middleware\Authorize:view-beds | App\Http\Middleware\EnsureRole:nurse,super-admin,hospital-admin"
"GET|HEAD","login","App\Http\Controllers\Auth\AuthenticatedSessionController@create","web | Illuminate\Auth\Middleware\RedirectIfAuthenticated"
"POST","login","App\Http\Controllers\Auth\AuthenticatedSessionController@store","web | Illuminate\Auth\Middleware\RedirectIfAuthenticated"
"POST","logout","App\Http\Controllers\Auth\AuthenticatedSessionController@destroy","web | Illuminate\Auth\Middleware\Authenticate"
"GET|HEAD","mfa/challenge","App\Http\Controllers\Auth\AuthenticatedSessionController@mfaChallenge","web | Illuminate\Auth\Middleware\RedirectIfAuthenticated"
"POST","mfa/challenge","App\Http\Controllers\Auth\AuthenticatedSessionController@mfaVerify","web | Illuminate\Auth\Middleware\RedirectIfAuthenticated"
"GET|HEAD","outpatient","App\Http\Controllers\EncounterController@index","web | Illuminate\Auth\Middleware\Authenticate | Illuminate\Auth\Middleware\EnsureEmailIsVerified | Illuminate\Auth\Middleware\Authorize:view-encounters"
"PUT","password","App\Http\Controllers\Auth\PasswordController@update","web | Illuminate\Auth\Middleware\Authenticate"
"GET|HEAD","patient-portal","App\Http\Controllers\PatientPortalController@dashboard","web | Illuminate\Auth\Middleware\Authenticate | Illuminate\Auth\Middleware\EnsureEmailIsVerified | Illuminate\Auth\Middleware\Authorize:portal-dashboard | App\Http\Middleware\EnsureRole:patient"
"GET|HEAD","patient-portal/appointments","App\Http\Controllers\PatientPortalController@appointments","web | Illuminate\Auth\Middleware\Authenticate | Illuminate\Auth\Middleware\EnsureEmailIsVerified | Illuminate\Auth\Middleware\Authorize:portal-dashboard | App\Http\Middleware\EnsureRole:patient"
"GET|HEAD","patient-portal/history","App\Http\Controllers\PatientPortalController@history","web | Illuminate\Auth\Middleware\Authenticate | Illuminate\Auth\Middleware\EnsureEmailIsVerified | Illuminate\Auth\Middleware\Authorize:portal-dashboard | App\Http\Middleware\EnsureRole:patient"
"GET|HEAD","patient-portal/telehealth","App\Http\Controllers\PatientPortalController@telehealth","web | Illuminate\Auth\Middleware\Authenticate | Illuminate\Auth\Middleware\EnsureEmailIsVerified | Illuminate\Auth\Middleware\Authorize:portal-dashboard | App\Http\Middleware\EnsureRole:patient"
"GET|HEAD","patients","App\Http\Controllers\PatientController@index","web | Illuminate\Auth\Middleware\Authenticate | Illuminate\Auth\Middleware\EnsureEmailIsVerified | Illuminate\Auth\Middleware\Authorize:view-patients"
"POST","patients","App\Http\Controllers\PatientController@store","web | Illuminate\Auth\Middleware\Authenticate | Illuminate\Auth\Middleware\EnsureEmailIsVerified | Illuminate\Auth\Middleware\Authorize:view-patients"
"GET|HEAD","patients/create","App\Http\Controllers\PatientController@create","web | Illuminate\Auth\Middleware\Authenticate | Illuminate\Auth\Middleware\EnsureEmailIsVerified | Illuminate\Auth\Middleware\Authorize:view-patients"
"GET|HEAD","patients/lookup","App\Http\Controllers\PatientController@lookup","web | Illuminate\Auth\Middleware\Authenticate | Illuminate\Auth\Middleware\EnsureEmailIsVerified | App\Http\Middleware\EnsureRole:registration,super-admin,hospital-admin"
"GET|HEAD","patients/profile","App\Http\Controllers\PatientController@profile","web | Illuminate\Auth\Middleware\Authenticate | Illuminate\Auth\Middleware\EnsureEmailIsVerified | App\Http\Middleware\EnsureRole:patient"
"POST","patients/profile","App\Http\Controllers\PatientController@saveProfile","web | Illuminate\Auth\Middleware\Authenticate | Illuminate\Auth\Middleware\EnsureEmailIsVerified | App\Http\Middleware\EnsureRole:patient"
"GET|HEAD","patients/vitals/{patient}","App\Http\Controllers\PatientController@showVitals","web | Illuminate\Auth\Middleware\Authenticate | Illuminate\Auth\Middleware\EnsureEmailIsVerified | Illuminate\Auth\Middleware\Authorize:view-patients"
"GET|HEAD","patients/{patient}","App\Http\Controllers\PatientController@show","web | Illuminate\Auth\Middleware\Authenticate | Illuminate\Auth\Middleware\EnsureEmailIsVerified | Illuminate\Auth\Middleware\Authorize:view-patients"
"POST","patients/{patient}/verify","App\Http\Controllers\PatientController@verify","web | Illuminate\Auth\Middleware\Authenticate | Illuminate\Auth\Middleware\EnsureEmailIsVerified | Illuminate\Auth\Middleware\Authorize:create-patients"
"GET|HEAD","profile","App\Http\Controllers\ProfileController@edit","web | Illuminate\Auth\Middleware\Authenticate | Illuminate\Auth\Middleware\EnsureEmailIsVerified"
"PATCH","profile","App\Http\Controllers\ProfileController@update","web | Illuminate\Auth\Middleware\Authenticate | Illuminate\Auth\Middleware\EnsureEmailIsVerified"
"DELETE","profile","App\Http\Controllers\ProfileController@destroy","web | Illuminate\Auth\Middleware\Authenticate | Illuminate\Auth\Middleware\EnsureEmailIsVerified"
"GET|HEAD","profile/mfa","App\Http\Controllers\MfaController@show","web | Illuminate\Auth\Middleware\Authenticate | Illuminate\Auth\Middleware\EnsureEmailIsVerified"
"POST","profile/mfa/disable","App\Http\Controllers\MfaController@disable","web | Illuminate\Auth\Middleware\Authenticate | Illuminate\Auth\Middleware\EnsureEmailIsVerified"
"POST","profile/mfa/enable","App\Http\Controllers\MfaController@enable","web | Illuminate\Auth\Middleware\Authenticate | Illuminate\Auth\Middleware\EnsureEmailIsVerified"
"GET|HEAD","register","App\Http\Controllers\Auth\RegisteredUserController@create","web | Illuminate\Auth\Middleware\RedirectIfAuthenticated"
"POST","register","App\Http\Controllers\Auth\RegisteredUserController@store","web | Illuminate\Auth\Middleware\RedirectIfAuthenticated"
"GET|HEAD","reports","App\Http\Controllers\ReportController@index","web | Illuminate\Auth\Middleware\Authenticate | Illuminate\Auth\Middleware\EnsureEmailIsVerified | Illuminate\Auth\Middleware\Authorize:view-reports"
"GET|HEAD","reports/appointments","App\Http\Controllers\ReportController@appointments","web | Illuminate\Auth\Middleware\Authenticate | Illuminate\Auth\Middleware\EnsureEmailIsVerified | Illuminate\Auth\Middleware\Authorize:view-reports"
"GET|HEAD","reports/beds","App\Http\Controllers\ReportController@bedOccupancy","web | Illuminate\Auth\Middleware\Authenticate | Illuminate\Auth\Middleware\EnsureEmailIsVerified | Illuminate\Auth\Middleware\Authorize:view-reports"
"GET|HEAD","reports/encounters","App\Http\Controllers\ReportController@encounters","web | Illuminate\Auth\Middleware\Authenticate | Illuminate\Auth\Middleware\EnsureEmailIsVerified | Illuminate\Auth\Middleware\Authorize:view-reports"
"GET|HEAD","reports/er","App\Http\Controllers\ReportController@erVolume","web | Illuminate\Auth\Middleware\Authenticate | Illuminate\Auth\Middleware\EnsureEmailIsVerified | Illuminate\Auth\Middleware\Authorize:view-reports"
"GET|HEAD","reports/patients","App\Http\Controllers\ReportController@patients","web | Illuminate\Auth\Middleware\Authenticate | Illuminate\Auth\Middleware\EnsureEmailIsVerified | Illuminate\Auth\Middleware\Authorize:view-reports"
"GET|HEAD","reports/telehealth","App\Http\Controllers\ReportController@telehealth","web | Illuminate\Auth\Middleware\Authenticate | Illuminate\Auth\Middleware\EnsureEmailIsVerified | Illuminate\Auth\Middleware\Authorize:view-reports"
"POST","reset-password","App\Http\Controllers\Auth\NewPasswordController@store","web | Illuminate\Auth\Middleware\RedirectIfAuthenticated"
"GET|HEAD","reset-password/{token}","App\Http\Controllers\Auth\NewPasswordController@create","web | Illuminate\Auth\Middleware\RedirectIfAuthenticated"
"GET|HEAD","sanctum/csrf-cookie","Laravel\Sanctum\Http\Controllers\CsrfCookieController@show","web"
"GET|HEAD","storage/{path}","Closure",""
"PUT","storage/{path}","Closure",""
"GET|HEAD","telehealth","App\Http\Controllers\TelehealthController@index","web | Illuminate\Auth\Middleware\Authenticate | Illuminate\Auth\Middleware\EnsureEmailIsVerified | Illuminate\Auth\Middleware\Authorize:view-telehealth"
"GET|HEAD","telehealth/{session}","App\Http\Controllers\TelehealthController@show","web | Illuminate\Auth\Middleware\Authenticate | Illuminate\Auth\Middleware\EnsureEmailIsVerified | Illuminate\Auth\Middleware\Authorize:view-telehealth"
"POST","telehealth/{session}/create-meeting","App\Http\Controllers\TelehealthController@createMeeting","web | Illuminate\Auth\Middleware\Authenticate | Illuminate\Auth\Middleware\EnsureEmailIsVerified | Illuminate\Auth\Middleware\Authorize:start-telehealth"
"GET|HEAD","telehealth/{session}/join","App\Http\Controllers\TelehealthController@join","web | Illuminate\Auth\Middleware\Authenticate | Illuminate\Auth\Middleware\EnsureEmailIsVerified | Illuminate\Auth\Middleware\Authorize:join-telehealth"
"GET|HEAD","triage","App\Http\Controllers\TriageAssessmentController@create","web | Illuminate\Auth\Middleware\Authenticate | Illuminate\Auth\Middleware\EnsureEmailIsVerified | Illuminate\Auth\Middleware\Authorize:triage-patients"
"POST","triage","App\Http\Controllers\TriageAssessmentController@store","web | Illuminate\Auth\Middleware\Authenticate | Illuminate\Auth\Middleware\EnsureEmailIsVerified | Illuminate\Auth\Middleware\Authorize:triage-patients"
"GET|HEAD","triage/create","App\Http\Controllers\TriageAssessmentController@create","web | Illuminate\Auth\Middleware\Authenticate | Illuminate\Auth\Middleware\EnsureEmailIsVerified | Illuminate\Auth\Middleware\Authorize:triage-patients"
"GET|HEAD","triage/{triageAssessment}/er-intake","App\Http\Controllers\EmergencyController@createFromTriage","web | Illuminate\Auth\Middleware\Authenticate | Illuminate\Auth\Middleware\EnsureEmailIsVerified | Illuminate\Auth\Middleware\Authorize:triage-patients"
"GET|HEAD","up","Closure",""
"GET|HEAD","verify-email","App\Http\Controllers\Auth\EmailVerificationPromptController","web | Illuminate\Auth\Middleware\Authenticate"
"GET|HEAD","verify-email/{id}/{hash}","App\Http\Controllers\Auth\VerifyEmailController","web | Illuminate\Auth\Middleware\Authenticate | Illuminate\Routing\Middleware\ValidateSignature | Illuminate\Routing\Middleware\ThrottleRequests:6,1"
